{"ACURA": 0.008130081300813, "ALFA ROMEO": 0.0030288538179499, "ASTON MARTIN": 0.0062171209947393, "AUDI": 0.0419257133747808, "BENTLEY": 0.0055794675593814, "BMW": 0.0798660927785748, "BUICK": 0.0146660290132313, "CADILLAC": 0.0224772835963653, "CHEVROLET": 0.0820978798023274, "CHRYSLER": 0.0102024549657261, "DODGE": 0.0286944045911047, "FIAT": 0.0089271480950103, "FORD": 0.0916626813326956, "GMC": 0.046070460704607, "HONDA": 0.0253467240554758, "HYUNDAI": 0.0293320580264626, "INFINITI": 0.0138689622190339, "JAGUAR": 0.0188107763430575, "JEEP": 0.0318826717678941, "KIA": 0.0306073648971783, "LAMBORGHINI": 0.0058982942770604, "LAND ROVER": 0.0121154152717997, "LEXUS": 0.0205643232902917, "LINCOLN": 0.0129124820659971, "MASERATI": 0.0082894946596524, "MAZDA": 0.0202454965726127, "MERCEDES-BENZ": 0.0581858759764068, "MINI": 0.0318826717678941, "MITSUBISHI": 0.0116371751952813, "NISSAN": 0.0339550454328072, "PORSCHE": 0.0471863542164833, "RAM": 0.0114777618364418, "ROLLS-ROYCE": 0.0076518412242945, "SCION": 0.0033476805356288, "SMART": 0.0011158935118762, "SRT": 0.0003188267176789, "SUBARU": 0.018970189701897, "TOYOTA": 0.0436792603220149, "VOLKSWAGEN": 0.029810298102981, "VOLVO": 0.0188107763430575, "GENESIS": 0.0022317870237525, "BUGATTI": 0.0003188267176789}