{"COMPACT": 0.1437908496732026, "SUV - SMALL": 0.1600510122748286, "MID-SIZE": 0.1563845050215208, "TWO-SEATER": 0.0607364897178383, "MINICOMPACT": 0.0436792603220149, "SUBCOMPACT": 0.0848079069025984, "FULL-SIZE": 0.0809819862904511, "STATION WAGON - SMALL": 0.0337956320739677, "SUV - STANDARD": 0.0977203889685955, "VAN - CARGO": 0.0035070938944683, "VAN - PASSENGER": 0.010521281683405, "PICKUP TRUCK - STANDARD": 0.0755619320899091, "MINIVAN": 0.0097242148892077, "SPECIAL PURPOSE VEHICLE": 0.0103618683245655, "STATION WAGON - MID-SIZE": 0.0071736011477761, "PICKUP TRUCK - SMALL": 0.0212019767256496}